Year,DormCapacity
2005,800
2006,1200
2007,1400
2008,1600
2009,1900
2010,2200
2011,2500
2012,2600
2013,2700
2014,2800
2015,3000
2016,3300
2017,3700
2018,4100
2019,4500
2020,4700
2021,4800
2022,4800
2023,5000
2024,5100



