Year,Enrollment
2005,874
2006,1284
2007,1870
2008,2717
2009,3413
2010,4381
2011,5198
2012,5760
2013,6195
2014,6268
2015,6685
2016,7336
2017,7967
2018,8544
2019,8847
2020,9018
2021,9093
2022,9104
2023,9148
2024,9110


